{"_step":7686,"_timestamp":1.7807794866936e+09,"final/rollout1":0.03713739416562021,"final/rollout_last":0.5004957124590874,"epoch":41,"n_params_M":22.157296,"final/eff_rank":5.7096028327941895,"final/emb_std":0.5654926896095276,"final/rollout1_ratio":1.218835706917178,"val/sigreg":63.28503093090686,"final/best_val_pred":0.04506381445021911,"train/loss":0.2706913948059082,"_runtime":1836.017813757,"final/rollout_last_ratio":2.6476571851808943,"_wandb":{"runtime":1836},"train/lr":0.00027973406641326125,"train/sigreg":2.4779486656188965,"final/act_steer_sens":0.04981937259435654,"val/pred":0.05925109405275229,"final/act_vs_rollout1":1.3414881068978344,"train/pred":0.02289651520550251}