{"_runtime":1209.825348527,"final/rollout1_ratio":1.1071587146146809,"final/best_val_pred":0.053646433171552585,"final/act_steer_sens":0.008109353482723236,"train/loss":0.21234184503555298,"final/emb_std":0.7253740429878235,"val/pred":0.05957142116045052,"final/rollout_last":0.465109209343791,"final/eff_rank":8.474337577819824,"_wandb":{"runtime":1209},"train/pred":0.0382344126701355,"final/rollout1":0.05666708676144481,"_step":4704,"final/act_vs_rollout1":0.14310517702915837,"train/sigreg":1.7410743236541748,"n_params_M":21.576688,"train/lr":0.0002934226732626793,"_timestamp":1.780793334618528e+09,"val/sigreg":53.084374805666364,"epoch":27,"final/rollout_last_ratio":1.0931237436351675}