{"_timestamp":1.7807848375979598e+09,"train/loss":0.1576135754585266,"final/eff_rank":9.322587966918945,"_wandb":{"runtime":1662},"final/rollout_last":0.23384603038430213,"train/pred":0.01988901011645794,"n_params_M":21.576688,"final/emb_std":0.755949079990387,"_runtime":1662.182497595,"train/lr":0.00015556209108312359,"_step":8208,"epoch":35,"final/act_steer_sens":0.03564126789569855,"final/best_val_pred":0.05762199348891559,"final/rollout1":0.03177703311666846,"final/rollout1_ratio":0.8650899013939892,"train/sigreg":1.377245545387268,"final/rollout_last_ratio":0.45536618466306594,"val/sigreg":53.4290480406388,"final/act_vs_rollout1":1.1216046433549243,"val/pred":0.07466308804957764}