{"final/eff_rank":6.873575687408447,"train/pred":0.020833954215049744,"epoch":36,"final/rollout_last_ratio":0.4948479606538227,"val/sigreg":62.59933475826097,"final/act_steer_sens":0.015674322843551636,"train/sigreg":2.115427255630493,"_step":8362,"final/rollout1":0.045362876169383524,"_runtime":1691.953904864,"final/best_val_pred":0.08172463374617307,"_wandb":{"runtime":1691},"train/lr":0.000148604708992965,"train/loss":0.23237667977809906,"final/rollout_last":0.36287988498806956,"final/emb_std":0.7869051694869995,"final/act_vs_rollout1":0.3455319452193511,"val/pred":0.11716544794161683,"n_params_M":22.157296,"final/rollout1_ratio":0.7965684201887299,"_timestamp":1.7807919892673573e+09}