{"final/rollout1_ratio":0.7272823437710026,"_step":14136,"train/loss":0.19661113619804382,"train/pred":0.011336010880768299,"_runtime":2850.581391452,"final/eff_rank":4.598474502563477,"train/lr":1.1002510265438485e-05,"final/act_vs_rollout1":0.26392921767552635,"val/pred":0.03932319437761022,"val/sigreg":65.33614946448284,"n_params_M":22.157296,"final/rollout1":0.017966272449120878,"train/sigreg":3.705502510070801,"epoch":61,"final/act_steer_sens":0.004741824232041836,"final/emb_std":0.8684242963790894,"final/rollout_last_ratio":0.32312626957077417,"final/best_val_pred":0.028036175882848707,"final/rollout_last":0.15614201929420232,"_wandb":{"runtime":2850},"_timestamp":1.7807876919193335e+09}