{"train/sigreg":2.7632668018341064,"final/rollout1_ratio":0.9554288384286155,"final/rollout_last_ratio":0.8723304147303381,"final/best_val_pred":0.04644350611947869,"train/loss":0.30673035979270935,"train/pred":0.03040367364883423,"final/act_vs_rollout1":0.06136296491576075,"epoch":28,"final/eff_rank":6.837747097015381,"_wandb":{"runtime":1380},"final/rollout_last":0.35754920095205306,"final/emb_std":0.7026281356811523,"val/sigreg":38.62665457474558,"train/lr":0.000292793121493603,"n_params_M":22.157296,"_runtime":1380.91905981,"final/rollout1":0.04876000005751848,"_timestamp":1.7807776460123072e+09,"_step":7395,"final/act_steer_sens":0.0029920581728219986,"val/pred":0.04876013435913544}