{"train/sigreg":2.571173667907715,"final/rollout_last":0.23858699426054955,"final/act_vs_rollout1":1.5090946795904399,"val/pred":0.054297888185828924,"final/best_val_pred":0.04998197384259623,"_wandb":{"runtime":2169},"final/rollout_last_ratio":0.40660082769475997,"final/eff_rank":7.213742733001709,"final/rollout1":0.030818718671798705,"n_params_M":22.157296,"_runtime":2169.408814314,"_timestamp":1.78078178126255e+09,"val/sigreg":56.740246855694316,"train/lr":8.061138351782454e-05,"final/rollout1_ratio":0.748002144497455,"_step":10716,"train/pred":0.017681825906038284,"train/loss":0.2747991979122162,"final/act_steer_sens":0.046508364379405975,"final/emb_std":0.8522257208824158,"epoch":46}