{"final/rollout_last":0.6494298428297043,"train/loss":0.40001174807548523,"final/rollout1_ratio":0.9309162937704992,"_step":4332,"train/lr":0.0002622131739520183,"final/emb_std":0.9519653916358948,"final/best_val_pred":0.11353703361490498,"_runtime":879.884847547,"train/pred":0.05833558365702629,"_wandb":{"runtime":879},"val/pred":0.137864308917652,"val/sigreg":61.16146477409031,"final/act_vs_rollout1":0.42553319520766336,"_timestamp":1.7807885759949028e+09,"final/rollout_last_ratio":0.7199600451363954,"final/eff_rank":9.36507511138916,"train/sigreg":1.7083808183670044,"epoch":18,"n_params_M":22.157296,"final/rollout1":0.10728631187230349,"final/act_steer_sens":0.04565388709306717}