{"final/eff_rank":8.25501823425293,"val/pred":0.05780784528525103,"_timestamp":1.7807762609783156e+09,"train/pred":0.015225544571876526,"final/rollout1":0.05593797517940402,"train/lr":0.00026043096360797203,"epoch":54,"_wandb":{"runtime":2560},"final/emb_std":0.7121021747589111,"n_params_M":22.157296,"train/loss":0.2279619574546814,"_runtime":2560.83095877,"final/rollout1_ratio":1.0133468490689224,"val/sigreg":44.15145892188663,"final/rollout_last_ratio":0.8610159818893823,"_step":12760,"final/act_steer_sens":0.03608866408467293,"final/act_vs_rollout1":0.6451549947764381,"train/sigreg":2.127364158630371,"final/rollout_last":0.4620812442153692,"final/best_val_pred":0.041504612946439354}