{"final/act_steer_sens":0.0753338411450386,"val/sigreg":62.434261985447094,"train/loss":0.3333500027656555,"epoch":36,"final/rollout1_ratio":0.9154576663756137,"_timestamp":1.780790293251578e+09,"_step":8473,"final/eff_rank":6.603875637054443,"n_params_M":22.157296,"train/lr":0.00014893245749981806,"final/rollout1":0.03436619006097317,"final/act_vs_rollout1":2.1920917335142427,"final/best_val_pred":0.04049257314561502,"train/pred":0.021326439455151558,"final/emb_std":0.9915603399276733,"final/rollout_last_ratio":0.7337952096234112,"final/rollout_last":0.385135880112648,"_runtime":1712.280083174,"val/pred":0.043541101718564394,"train/sigreg":3.1202354431152344,"_wandb":{"runtime":1712}}