{"final/rollout1":0.04941853677114705,"final/rollout1_ratio":0.9444650110358387,"train/mse":0.03664250671863556,"train/cos":0.021852925419807434,"train/lr":0.0002403771438491817,"_timestamp":1.7807956937762873e+09,"_step":3440,"epoch":39,"final/best_val":0.0566798092590438,"val/loss":0.06494692609541947,"_runtime":44.764781913,"_wandb":{"runtime":44},"train/loss":0.047568969428539276}