{"n_params_M":22.157296,"final/rollout_last_ratio":0.5660390231969739,"final/act_vs_rollout1":0.17417158244846903,"final/eff_rank":7.087392807006836,"val/pred":0.04656443372916649,"final/rollout1_ratio":0.8230845814938736,"final/best_val_pred":0.0357160909101367,"train/pred":0.021875299513339996,"train/lr":0.00026996491039968476,"final/emb_std":0.8503151535987854,"final/act_steer_sens":0.00541318953037262,"final/rollout_last":0.3315966438502073,"train/loss":0.26910582184791565,"epoch":48,"_timestamp":1.7807736964152098e+09,"_step":9261,"val/sigreg":51.557729788387526,"final/rollout1":0.03107963684014976,"_wandb":{"runtime":2169},"train/sigreg":2.4723052978515625,"_runtime":2169.360751172}