{"epoch":29,"final/rollout_last":0.31853716671466825,"final/act_vs_rollout1":0.4076670273080071,"val/sigreg":56.78535444840141,"train/pred":0.027010086923837662,"final/rollout_last_ratio":0.7505068027266055,"_wandb":{"runtime":1385},"n_params_M":21.729264,"train/loss":0.21033070981502533,"val/pred":0.07001740764826536,"final/rollout1":0.033632833044975996,"train/lr":0.0001982048830870468,"_runtime":1385.363654502,"final/eff_rank":6.245995998382568,"train/sigreg":1.8332061767578125,"final/best_val_pred":0.04895789358440949,"_timestamp":1.7807831709104e+09,"final/emb_std":0.7032252550125122,"final/rollout1_ratio":1.044162934401776,"final/act_steer_sens":0.013710997067391872,"_step":6840}