{"epoch":45,"final/rollout_last":0.30219543278217315,"final/act_steer_sens":0.01864829659461975,"final/rollout1":0.03651021467521787,"_step":10810,"final/eff_rank":8.663309097290039,"final/emb_std":0.7570522427558899,"_runtime":2162.151585151,"final/act_vs_rollout1":0.5107692945798454,"train/pred":0.02101026102900505,"val/pred":0.055107603971965805,"_wandb":{"runtime":2162},"final/rollout1_ratio":0.8270021287973647,"val/sigreg":45.87319843585674,"n_params_M":22.157296,"final/rollout_last_ratio":0.5391192609410055,"train/lr":0.00027426047214237047,"train/sigreg":2.2011332511901855,"_timestamp":1.780771523008562e+09,"train/loss":0.24112358689308167,"final/best_val_pred":0.04520117584615946}