{"final/rollout_last_ratio":0.8229268452657735,"_timestamp":1.7807950031251073e+09,"_step":6916,"_wandb":{"runtime":1664},"train/pred":0.02134920097887516,"val/sigreg":50.62017335062442,"final/act_steer_sens":0.0042281439527869225,"final/rollout1":0.03593195709399879,"final/act_vs_rollout1":0.11767085053914556,"final/best_val_pred":0.04578136360151288,"train/loss":0.15405873954296112,"final/emb_std":0.7385839223861694,"final/eff_rank":8.072098731994629,"_runtime":1664.275006462,"final/rollout1_ratio":1.0289854082955678,"n_params_M":21.576688,"train/lr":0.00028430663622331276,"val/pred":0.05249172736607168,"train/sigreg":1.3270952701568604,"final/rollout_last":0.35934413969516754,"epoch":37}